No;Nama;latitude;longitude;nama_google;isna
1;Kantor Wilayah Badan Pertanahan Nasional Provinsi Aceh;5.5754832;95.355679;Kantor Wilayah BPN Provinsi Aceh;0
2;Kantor Pertanahan Kota Banda Aceh, Provinsi Aceh;5.5369428;95.3382454;Kantor Pertanahan (BPN) Kota Banda Aceh;0
3;Kantor Pertanahan Kota Sabang, Provinsi Aceh;5.8900096;95.3124133;Kantor Pertanahan Kota Sabang;0
4;Kantor Pertanahan Kabupaten Aceh Besar, Provinsi Aceh;5.2977184;95.6000186;Dinas Pertanahan Kabupaten Aceh Besar;0
5;Kantor Pertanahan Kabupaten Aceh Barat, Provinsi Aceh;4.1528483;96.1289944;Dinas Pertanahan Kabupaten Aceh Barat;0
6;Kantor Pertanahan Kabupaten Aceh Selatan, Provinsi Aceh;3.2524298;97.179057;Kantor Pertanahan Kabupaten Aceh Selatan;0
7;Kantor Pertanahan Kabupaten Pidie, Provinsi Aceh;5.3674025;95.9570618;Kantor Pertanahan Kabupaten Pidie;0
8;Kantor Pertanahan Kabupaten Aceh Utara, Provinsi Aceh;5.1799703;97.1408249;Kantor Pertanahan Kab. Aceh Utara;0
9;Kantor Pertanahan Kabupaten Aceh Timur, Provinsi Aceh;4.9270656;97.7887776;Kantor Pertanahan Kabupaten Aceh Timur;0
10;Kantor Pertanahan Kabupaten Aceh Tengah, Provinsi Aceh;4.6365186;96.8492899;Kantor Pertanahan Kab Aceh Tengah;0
11;Kantor Pertanahan Kabupaten Aceh Tenggara, Provinsi Aceh;3.4900071;97.8109334;Kantor Pertanahan Kabupaten Aceh Tenggara;0
12;Kantor Pertanahan Kabupaten Bireuen, Provinsi Aceh;5.2063681;96.7277748;Kantor Pertanahan Kab. Bireuen;0
13;Kantor Pertanahan Kabupaten Aceh Singkil, Provinsi Aceh;2.2716527;97.8154127;Kantor Pertanahan Kabupaten Aceh Singkil;0
14;Kantor Pertanahan Kabupaten Simeuleu, Provinsi Aceh;2.4344182;96.3710784;Kantor Pertanahan Kabupaten Simeulue;0
15;Kantor Pertanahan Kabupaten Nagan Raya, Provinsi Aceh;4.1616933;96.3245798;BPN Suka Makmue;0
16;Kantor Pertanahan Kabupaten Aceh Tamiang, Provinsi Aceh;4.2840736;98.0576519;Dinas Pertanahan Kabupaten Aceh Tamiang;0
17;Kantor Pertanahan Kota Lhokseumawe, Provinsi Aceh;5.1729908;97.1374979;Kantor Pertanahan Kota Lhokseumawe;0
18;Kantor Pertanahan Kabupaten Aceh Jaya, Provinsi Aceh;4.6223836;95.619944;Dinas Pertanahan Kabupaten Aceh Jaya;0
19;Kantor Pertanahan Kota Langsa, Provinsi Aceh;4.4692016;97.9649387;Kantor Pertanahan Kota Langsa;0
20;Kantor Pertanahan Kabupaten Aceh Barat Daya, Provinsi Aceh;3.740144;96.8389527;Dinas Pertanahan Aceh Barat Daya;0
21;Kantor Pertanahan Kabupaten Pidie Jaya, Provinsi Aceh;5.2265085;96.2441333;Kantor Pertanahan Kabupaten Pidie Jaya;0
22;Kantor Pertanahan Kabupaten Bener Meriah, Provinsi Aceh;4.7248875;96.8119035;Kantor Pertanahan Kabupaten Bener Meriah;0
23;Kantor Pertanahan Kabupaten Subulussalam, Provinsi Aceh;2.6404523;98.00056;Kantor Pertanahan Kota Subulussalam;0
24;Kantor Pertanahan Kabupaten Gayo Lues, Provinsi Aceh;3.9951183;97.3303008;Dinas Pertanahan Kabupaten Gayo Lues;0
25;Kantor Wilayah Badan Pertanahan Nasional Provinsi Sumatera Utara;3.576241;98.6852131;Kantor Wilayah BPN Provinsi Sumatera Utara;0
26;Kantor Pertanahan Kota Medan, Provinsi Sumatera Utara;3.5508164;98.6920842;Kantor Pertanahan Kota Medan;0
27;Kantor Pertanahan Kabupaten Langkat, Provinsi Sumatera Utara;3.7433313;98.4507412;Kantor Pertanahan Kab. Langkat;0
28;Kantor Pertanahan Kota Pematang Siantar, Provinsi Sumatera Utara;2.9556915;99.0493439;Kantor Pertanahan Kota Pematang Siantar;0
29;Kantor Pertanahan Kabupaten Deli Serdang, Provinsi Sumatera Utara;3.5477519;98.8675176;Kantor Pertanahan Kabupaten Deli Serdang;0
30;Kantor Pertanahan Kabupaten Dairi, Provinsi Sumatera Utara;2.7483029;98.3149197;ATR BPN Dairi;0
31;Kantor Pertanahan Kabupaten Karo, Provinsi Sumatera Utara;3.1113302;98.5014423;Kantor Pertanahan Kabupaten Karo;0
32;Kantor Pertanahan Kabupaten Asahan, Provinsi Sumatera Utara;2.9877511;99.6235665;Kantor Pertanahan Kabupaten Asahan;0
33;Kantor Pertanahan Kota Tanjung Balai, Provinsi Sumatera Utara;2.9639123;99.8065745;Kantor Pertanahan Kota Tanjungbalai;0
34;Kantor Pertanahan Kabupaten Simalungun, Provinsi Sumatera Utara;2.9623057;99.0824264;Kantor ATR-BPN/ Pertanahan Kabupaten Simalungun;0
35;Kantor Pertanahan Kabupaten Tapanuli Selatan, Provinsi Sumatera Utara;1.3946314;99.25573;Kantor Pertanahan Kab. Tapanuli Selatan (BPN);0
36;Kantor Pertanahan Kabupaten Nias, Provinsi Sumatera Utara;1.2819288;97.6141045;Badan Pertanahan Kabupaten Nias;0
37;Kantor Pertanahan Kabupaten Labuhanbatu, Provinsi Sumatera Utara;2.1144853;99.8220244;Kantor Pertanahan Kabupaten Labuhanbatu (BPN);0
38;Kantor Pertanahan Kota Sibolga, Provinsi Sumatera Utara;1.7384564;98.7775894;Kantor Pertanahan Kota Sibolga;0
39;Kantor Pertanahan Kabupaten Tapanuli Tengah, Provinsi Sumatera Utara;1.6876157;98.8241057;Badan Pertanahan Nasional Tapteng;0
40;Kantor Pertanahan Kabupaten Tapanuli Utara, Provinsi Sumatera Utara;2.0275031;98.9646533;Kantor Pertanahan Kabupaten Tapanuli Utara;0
41;Kantor Pertanahan Kota Tebing Tinggi, Provinsi Sumatera Utara;3.3546964;99.1668104;Kantor Pertanahan Kota Tebing Tinggi;0
42;Kantor Pertanahan Kota Binjai, Provinsi Sumatera Utara;3.6004036;98.4793806;Ktr. Pertanahan Kota Binjai;0
43;Kantor Pertanahan Kabupaten Mandailing Natal, Provinsi Sumatera Utara;0.800028;99.5782596;Kantor Pertanahan Kabupaten Mandailing Natal;0
44;Kantor Pertanahan Kabupaten Toba Samosir, Provinsi Sumatera Utara;2.3229971;99.0675463;Kantor Pertanahan Kabupaten Toba;0
45;Kantor Pertanahan Kota Padang Sidempuan, Provinsi Sumatera Utara;1.3347316;99.3056127;Kantor Pertanahan Kota Padangsidimpuan;0
46;Kantor Pertanahan Kabupaten Serdang Bedagai, Provinsi Sumatera Utara;3.5032094;99.114813;Kantor Pertanahan Kabupaten Serdang Bedagai;0
47;Kantor Pertanahan Kabupaten Humbang Hasundutan, Provinsi Sumatera Utara;2.2764139;98.7458613;Kantor BPN Humbahas;0
48;Kantor Pertanahan Kabupaten Nias Selatan, Provinsi Sumatera Utara;0.5636424;97.8085782;Kantor Pertanahan Kab. Nias Selatan;0
49;Kantor Pertanahan Kabupaten Samosir, Provinsi Sumatera Utara;2.6870931;98.7055305;Kantor Pertanahan Kabupaten Samosir;0
50;Kantor Pertanahan Kabupaten Pakpak Bharat, Provinsi Sumatera Utara;2.5431767;98.3257441;Kantor Pertanahan Kabupaten Pakpak Bharat;0
51;Kantor Wilayah Badan Pertanahan Nasional Provinsi Sumatera Barat;-0.9393773;100.3599396;Kanwil ATR/BPN Prov. Sumbar;0
52;Kantor Pertanahan Kota Padang, Provinsi Sumatera Barat;-0.9344197;100.3550357;BPN Padang;0
53;Kantor Pertanahan Kota Bukittinggi, Provinsi Sumatera Barat;-0.3146802;100.3695753;ATR/BPN Kantah Kota Bukittinggi;0
54;Kantor Pertanahan Kota Padang Panjang, Provinsi Sumatera Barat;-0.4625973;100.4027807;Kantor Pertanahan Kota Padang Panjang;0
55;Kantor Pertanahan Kabupaten Agam, Provinsi Sumatera Barat;-0.3148233;100.0336129;Kantor Pertanahan Kabupaten Agam;0
56;Kantor Pertanahan Kabupaten Lima Puluh Kota, Provinsi Sumatera Barat;-0.2248174;100.6344324;ATR/BPN Kantah Kab.Lima Puluh Kota;0
57;Kantor Pertanahan Kota Payakumbuh, Provinsi Sumatera Barat;-0.2488931;100.6192748;Kementrian Agraria dan Tata Ruang/Badan Pertanahan Nasional Kota Payakumbuh;0
58;Kantor Pertanahan Kabupaten Pasaman, Provinsi Sumatera Barat;0.1385044;100.1676137;Kantor Pertanahan Kabupaten Pasaman;0
59;Kantor Pertanahan Kabupaten Solok, Provinsi Sumatera Barat;-0.8306129;100.6540029;Badan Pertanahan Nasional Kabupaten Solok;0
60;Kantor Pertanahan Kota Solok, Provinsi Sumatera Barat;-0.7984831;100.6523538;ATR/BPN Kantah Kota Solok;0
61;Kantor Pertanahan Kabupaten Tanah Datar, Provinsi Sumatera Barat;-0.4792108;100.6231523;Kantor Pertanahan Kabupaten Tanah Datar;0
62;Kantor Pertanahan Kabupaten Sijunjung, Provinsi Sumatera Barat;-0.6639204;100.9401051;Kantor Pertanahan Kab. Sijunjung;0
63;Kantor Pertanahan Kota Sawahlunto, Provinsi Sumatera Barat;-0.6389651;100.7441147;Kantor Badan Pertanahan Nasional Kota Sawahlunto;0
64;Kantor Pertanahan Kabupaten Padang Pariaman, Provinsi Sumatera Barat;-0.623291;100.28979;Kantor Pertanahan Kab. Padang Pariaman;0
65;Kantor Pertanahan Kabupaten Pesisir Selatan, Provinsi Sumatera Barat;-1.3054746;100.5443912;Kantor Pertanahan Kab. Pesisir Selatan;0
66;Kantor Pertanahan Kabupaten Kepulauan Mentawai, Provinsi Sumatera Barat;-2.081059;99.606271;Kantor Pertanahan Kabupaten Kepulauan Mentawai;0
67;kantor Pertanahan Kota Pariaman, Provinsi Sumatera Barat;-0.6300579;100.1218291;Kantor Pertanahan Kota Pariaman;0
68;Kantor Pertanahan Kabupaten Pasaman Barat, Provinsi Sumatera Barat;0.1067932;99.8271921;Kantor Pertanahan (BPN) Pasaman Barat;0
69;Kantor Pertanahan Kabupaten Dharmasraya, Provinsi Sumatera Barat;-0.9859426;101.5412205;ATR/BPN Kantah Kab. Dharmasraya;0
70;Kantor Pertanahan Kabupaten Solok Selatan, Provinsi Sumatera Barat;-1.5551;101.2462905;Kantor Pertanahan Kabupaten Solok Selatan;0
71;Kantor Wilayah Badan Pertanahan Nasional Provinsi Sumatera Selatan;-2.9793019;104.743033;Kanwil Badan Pertanahan Nasional Provinsi Sumatera Selatan;0
72;Kantor Pertanahan Kota Palembang, Provinsi Sumatera Selatan;-2.9825966;104.7447557;Kantor Pertanahan Kota Palembang;0
73;Kantor Pertanahan Kabupaten Lahat, Provinsi Sumatera Selatan;-3.7765499;103.5484211;Kantor Pertanahan Kabupaten Lahat;0
74;Kantor Pertanahan Kabupaten Muara Enim, Provinsi Sumatera Selatan;-3.6565815;103.7778622;Kantor Pertanahan Kabupaten Muara Enim;0
75;Kantor Pertanahan Kabupaten Ogan Komering Ilir, Provinsi Sumatera Selatan;-3.4129902;104.8241404;Kantor Pertanahan Kabupaten Ogan Komering Ilir;0
76;Kantor Pertanahan Kabupaten Ogan Komering Ulu, Provinsi Sumatera Selatan;-4.1167505;104.1749698;Kantor Kementrian ATR/ BPN Kab. OKU;0
77;Kantor Pertanahan Kabupaten Musi Banyuasin, Provinsi Sumatera Selatan;-2.8909219;103.8409559;Kantor Pertanahan Kabupaten Musi Banyuasin;0
78;Kantor Pertanahan Kabupaten Musi Rawas, Provinsi Sumatera Selatan;-3.2445425;103.0097274;Kantor Pertanahan Kabuaten Musi Rawas;0
79;Kantor Pertanahan Kota Pagar Alam, Provinsi Sumatera Selatan;-4.0437474;103.1990127;Kantor Pertanahan Kota Pagar Alam;0
80;Kantor Pertanahan Kota Prabumulih, Provinsi Sumatera Selatan;-3.3689479;104.303338;Kantor ATR/BPN Kota Prabumulih;0
81;Kantor Pertanahan Kota Lubuklinggau, Provinsi Sumatera Selatan;-3.2687923;102.9151506;Kantor Pertanahan Kota Lubuklinggau;0
82;Kantor Pertanahan Kabupaten Banyuasin, Provinsi Sumatera Selatan;-2.9149121;104.4040069;Kantor Pertanahan Kabupaten Banyuasin;0
83;Kantor Pertanahan Kabupaten Ogan Komering Ulu Timur, Provinsi Sumatera Selatan;-4.3771461;104.3529305;Kantor Pertanahan Kabupaten OKU Timur;0
84;Kantor Pertanahan Kabupaten Ogan Ilir, Provinsi Sumatera Selatan;-3.2097936;104.6403139;Kantor Pertanahan Kabupaten Ogan Ilir;0
85;Kantor Pertanahan Kabupaten Ogan Komering Ulu Selatan, Provinsi Sumatera Selatan;-4.5385893;104.0642381;Kantor Pertanahan Kabupaten OKUS;0
86;Kantor Pertanahan Kabupaten Empat Lawang, Provinsi Sumatera Selatan;-3.6397836;103.0756149;Kantor Pertanahan Kabupaten Empat Lawang;0
87;Kantor Pertanahan Kabupaten Musi Rawas Utara, Provinsi Sumatera Selatan;-2.7076225;102.9093938;Kantor Pertanahan Kabupaten Musi Rawas Utara;0
88;Kantor Pertanahan Kabupaten Penukal Abab Lematang Ilir, Provinsi Sumatera Selatan;-3.2987653;103.8540927;Kantor Pertanahan Kabupaten Penukal Abab Lematang Ilir;0
89;Kantor Wilayah Badan Pertanahan Nasional Provinsi Riau;0.5135795;101.445753;Kantor Wilayah BPN Provinsi Riau;0
90;Kantor Pertanahan Kota Pekanbaru, Provinsi Riau;0.4878592;101.3771972;Kantor Pertanahan Kota Pekanbaru;0
91;Kantor Pertanahan Kabupaten Bengkalis, Provinsi Riau;1.4675276;102.111216;Kementerian ATR/BPN Kantor Pertanahan Kabupaten Bengkalis;0
92;Kantor Pertanahan Kabupaten Indragiri Hulu, Provinsi Riau;-0.3933053;102.4366572;Badan Pertanahan Nasional Inhu;0
93;Kantor Pertanahan Kabupaten Indragiri Hilir, Provinsi Riau;-0.3156694;103.1571201;Kantor ATR Badan Pertanahan Kabupaten Indragiri Hilir;0
94;Kantor Pertanahan Kabupaten Kampar, Provinsi Riau;0.3328206;101.0143882;Badan Pertanahan Nasional - Kantor Pertanahan Kabupaten Kampar;0
95;Kantor Pertanahan Kota Dumai, Provinsi Riau;1.6049763;101.3877423;Kantor BPN Kota Dumai;0
96;Kantor Pertanahan Kabupaten Rokan Hulu, Provinsi Riau;0.9012827;100.3049581;Kantor Pertanahan Kabupaten Rokan Hulu;0
97;Kantor Pertanahan Kabupaten Rokan Hilir, Provinsi Riau;2.1098154;100.8276802;Kantor Pertanahan Kab. Rokan Hilir;0
98;Kantor Pertanahan Kabupaten Siak, Provinsi Riau;0.8160586;102.0226187;Kementerian ATR/BPN Kantor Pertanahan Kabupaten Siak;0
99;Kantor Pertanahan Kabupaten Kuantan Singingi, Provinsi Riau;-0.5134723;101.563404;Kantor Pertanahan Kabupaten Kuantan Singingi;0
100;Kantor Pertanahan Kabupaten Pelalawan, Provinsi Riau;0.3841776;101.8238938;Kantor Pertanahan Kabupaten Pelalawan;0
101;Kantor Pertanahan Kabupaten Kepulauan Meranti, Provinsi Riau;0.9998884;102.7267912;BPN Meranti;0
102;Kantor Wilayah Badan Pertanahan Nasional Provinsi Jambi;-1.603646;103.576237;Kantor Wilayah BPN Prov Jambi;0
103;Kantor Pertanahan Kota Jambi, Provinsi Jambi;-1.6114215;103.630209;Kantor Pertanahan Kota Jambi;0
104;Kantor Pertanahan Kabupaten Batanghari, Provinsi Jambi;-1.7136833;103.2633683;ATR/ BPN Kantah Kab Batanghari;0
105;Kantor Pertanahan Kabupaten Bungo, Provinsi Jambi;-1.5145895;102.1125166;Kantor Pertanahan Kabupaten Bungo;0
106;Kantor Pertanahan Kabupaten Merangin, Provinsi Jambi;-2.0620735;102.2728933;BADAN PERTANAHAN NASIONAL;0
107;Kantor Pertanahan Kabupaten Kerinci, Provinsi Jambi;-2.0995146;101.4628599;Kantor Pertanahan Kabupaten Kerinci;0
108;Kantor Pertanahan Kabupaten Tanjung Jabung Barat, Provinsi Jambi;-0.8264433;103.4637905;Kantor Pertanahan Tanjung Jabung Barat;0
109;Kantor Pertanahan Kabupaten Sarolangun, Provinsi Jambi;-2.3106519;102.7543196;Kantor Pertanahan Kabupaten Sarolangun;0
110;Kantor Pertanahan Kabupaten Tebo, Provinsi Jambi;-1.469587;102.35436;Kantor Pertanahan Kabupaten Tebo;0
111;Kantor Pertanahan Kabupaten Muaro Jambi, Provinsi Jambi;-1.4526427;103.5153508;Kantor Pertanahan BPN Muaro Jambi;0
112;Kantor Pertanahan Kabupaten Tanjung Jabung Timur, Provinsi Jambi;-1.2115168;103.7938235;ATR/ BPN Kantah Kab Tanjung Jabung Timur;0
113;Kantor Pertanahan Kota Sungai Penuh, Provinsi Jambi;-2.0574989;101.3876858;Kantor Pertanahan Kota Sungai Penuh;0
114;Kantor Wilayah Badan Pertanahan Nasional Provinsi Bengkulu;-3.79329;102.270408;BPN Kanwil Provinsi Bengkulu;0
115;Kantor Pertanahan Kabupaten Rejang Lebong, Provinsi Bengkulu;-3.4780212;102.5338638;Kantor Pertanahan ( BPN ) Rejang Lebong;0
116;Kantor Pertanahan Kabupaten Bengkulu Utara, Provinsi Bengkulu;-3.437903;102.198154;Kantor Pertanahan Kab. Bengkulu Utara;0
117;Kantor Pertanahan Kabupaten Bengkulu Selatan, Provinsi Bengkulu;-4.4727063;102.9025257;Kantor Pertanahan Kab. Bengkulu Selatan;0
118;Kantor Pertanahan Kota Bengkulu, Provinsi Bengkulu;-3.7988727;102.269224;Badan Pertanahan Nasional - Kantor Pertanahan Kota Bengkulu;0
119;Kantor Pertanahan Kabupaten Kaur, Provinsi Bengkulu;-4.7610716;103.3525412;Kantor Pertanahan Kabupaten Kaur;0
120;Kantor Pertanahan Kabupaten Seluma, Provinsi Bengkulu;-4.0703308;102.566225;Kantor Pertanahan Kabupaten Seluma;0
121;Kantor Pertanahan Kabupaten Kepahiang, Provinsi Bengkulu;-3.6190107;102.5607413;Kantor Pertanahan Kab. Kepahiang;0
122;Kantor Pertanahan Kabupaten Mukomuko, Provinsi Bengkulu;-2.5491061;101.1065444;Kantor Pertanahan Kabupaten Mukomuko;0
123;Kantor Pertanahan Kabupaten Lebong, Provinsi Bengkulu;-3.1610244;102.1720167;Kantor Pertanahan Kabupaten Lebong;0
124;Kantor Pertanahan Kabupaten Bengkulu Tengah, Provinsi Bengkulu;-3.7742508;102.3873545;Kantor Pertanahan Kabupaten Bengkulu Tengah;0
125;Kantor Wilayah Badan Pertanahan Nasional Provinsi Lampung;-5.442417;105.2553351;Kantor Wilayah Kementerian Agraria dan Tata Ruang/Badan Pertanahan Nasional Provinsi Lampung;0
126;Kantor Pertanahan Kota Bandar Lampung, Provinsi Lampung;-5.442417;105.2553351;Kantor Wilayah Kementerian Agraria dan Tata Ruang/Badan Pertanahan Nasional Provinsi Lampung;0
127;Kantor Pertanahan Kabupaten Lampung Selatan, Provinsi Lampung;-5.7151836;105.5859733;Kantor Pertanahan Kabupaten Lampung Selatan;0
128;Kantor Pertanahan Kabupaten Lampung Tengah, Provinsi Lampung;-5.0026551;105.2088632;BPN Lampung Tengah;0
129;Kantor Pertanahan Kabupaten Lampung Utara, Provinsi Lampung;-4.8494341;104.9107791;Kantor Pertanahan Kab Lampung Utara;0
130;Kantor Pertanahan Kabupaten Lampung Barat, Provinsi Lampung;-5.0167693;104.0593434;Kantor Pertanahan Kab. Lampung Barat;0
131;Kantor Pertanahan Kabupaten Tulang Bawang, Provinsi Lampung;-4.4958387;105.219034;Kantor Pertanahan Kabupaten Tulang Bawang;0
132;Kantor Pertanahan Kabupaten Tanggamus, Provinsi Lampung;-5.4821395;104.6812508;BPN Tangamus;0
133;Kantor Pertanahan Kota Metro, Provinsi Lampung;-5.1144143;105.3103389;Kantor Pertanahan Metro;0
134;Kantor Pertanahan Kabupaten Way Kanan, Provinsi Lampung;-4.5201654;104.5072302;Kantor Pertanahan Kabupaten Way Kanan;0
135;Kantor Pertanahan Kabupaten Lampung Timur, Provinsi Lampung;-5.0440918;105.5257664;Kantor Pertanahan Kabupaten Lampung Timur;0
136;Kantor Pertanahan Kabupaten Pesawaran, Provinsi Lampung;-5.3966377;105.0687016;Kantor ATR/BPN Kab.Pesawaran;0
137;Kantor Pertanahan Kabupaten Pringsewu, Provinsi Lampung;-5.3467885;105.0076155;Kantor Pertanahan ATR/ BPN Pringsewu;0
138;Kantor Pertanahan Kabupaten Tulang Bawang Barat, Provinsi Lampung;-4.5195914;105.0718307;Kementerian ATR / BPN Kabupaten Tulang Bawang Barat;0
139;Kantor Pertanahan Kabupaten Mesuji, Provinsi Lampung;-4.0158769;105.2497074;Kantor Badan Pertanahan Nasional (BPN) Mesuji;0
140;Kantor Pertanahan Kabupaten Pesisir Barat, Provinsi Lampung;-5.2050162;103.9373672;Kantor Pertanahan Kabupaten Pesisir Barat;0
141;Kantor Wilayah Badan Pertanahan Nasional Provinsi DKI Jakarta;-6.1819095;106.8110537;Kanwil BPN DKI Jakarta;0
142;Kantor Pertanahan Kota Administrasi Jakarta Pusat, Provinsi DKI Jakarta;-6.15647;106.8424112;Kantor Pertanahan Kota Administrasi Jakarta Pusat;0
143;Kantor Pertanahan Kota Administrasi Jakarta Selatan, Provinsi DKI Jakarta;-6.3100044;106.8393679;Kantor Pertanahan Kota Administrasi Jakarta Selatan;0
144;Kantor Pertanahan Kota Administrasi Jakarta Barat, Provinsi DKI Jakarta;-6.1792977;106.742818;Kantor Pertanahan Kota Administratif Jakarta Barat;0
145;Kantor Pertanahan Kota Administrasi Jakarta Timur, Provinsi DKI Jakarta;-6.2149792;106.9456896;Kantor Pertanahan Kota Administrasi Jakarta Timur;0
146;Kantor Pertanahan Kota Administrasi Jakarta Utara, Provinsi DKI Jakarta;-6.1167135;106.8955316;Kantor Pertanahan Kota Administrasi Jakarta Utara;0
147;Kantor Wilayah Badan Pertanahan Nasional Provinsi Jawa Barat;-6.9409925;107.656961;Kantor Wilayah BPN Provinsi Jawa Barat;0
148;Kantor Pertanahan Kabupaten Bekasi, Provinsi Jawa Barat;-6.3334335;107.1340705;Badan Pertanahan Nasional - Kantor Pertanahan Kabupaten Bekasi;0
149;Kantor Pertanahan Kabupaten Karawang, Provinsi Jawa Barat;-6.3023286;107.3034641;Badan Pertanahan Nasional - Kantor Pertanahan Kabupaten Karawang;0
150;Kantor Pertanahan Kabupaten Purwakarta, Provinsi Jawa Barat;-6.4531126;107.4804458;ATR/BPN Kabupaten Purwakarta;0
151;Kantor Pertanahan Kabupaten Subang, Provinsi Jawa Barat;-6.5568069;107.7650056;Badan Pertanahan Nasional - Kantor Pertanahan Kabupaten Subang;0
152;Kantor Pertanahan Kabupaten Bogor, Provinsi Jawa Barat;-6.4846419;106.8340521;Kementerian ATR/BPN Kantor Pertanahan Kabupaten Bogor;0
153;Kantor Pertanahan Kota Bogor I, Provinsi Jawa Barat;-6.5924797;106.8021905;Badan Pertanahan Nasional;0
154;Kantor Pertanahan Kota Bogor II, Provinsi Jawa Barat;-6.5924797;106.8021905;Badan Pertanahan Nasional;0
155;Kantor Pertanahan Kabupaten Sukabumi, Provinsi Jawa Barat;-6.9195083;106.9281644;Kantor Pertanahan Kabupaten Sukabumi;0
156;Kantor Pertanahan Kota Sukabumi, Provinsi Jawa Barat;-6.9195083;106.9281644;Kantor Pertanahan Kabupaten Sukabumi;0
157;Kantor Pertanahan Kabupaten Cianjur, Provinsi Jawa Barat;-6.8081617;107.1561203;Kantor Pertanahan Kabupaten Cianjur;0
158;Kantor Pertanahan Kabupaten Bandung, Provinsi Jawa Barat;-7.019505;107.527616;BPN Kantor Pertanahan Kabupaten Bandung;0
159;Kantor Pertanahan Kota Bandung, Provinsi Jawa Barat;-6.9413367;107.6575781;Kantor Agraria dan Pertanahan (ATR / BPN) Kota Bandung;0
160;Kantor Pertanahan Kabupaten Sumedang, Provinsi Jawa Barat;-6.8606806;107.9155215;Kantor Pertanahan (BPN)-Kabupaten Sumedang;0
161;Kantor Pertanahan Kabupaten Garut, Provinsi Jawa Barat;-7.2145493;107.9021347;Kantor Pertanahan Kabupaten Garut (Lama);0
162;Kantor Pertanahan Kabupaten Tasikmalaya, Provinsi Jawa Barat;-7.3390153;108.1512144;ATR/BPN - Kantor Pertanahan Kabupaten Tasikmalaya;0
163;Kantor Pertanahan Kabupaten Ciamis, Provinsi Jawa Barat;-7.3299837;108.366153;Badan Pertanahan Nasional Kabupaten Ciamis;0
164;Kantor Pertanahan Kabupaten Cirebon, Provinsi Jawa Barat;-6.763491;108.4797791;Kantor Pertanahan Kabupaten Cirebon;0
165;Kantor Pertanahan Kota Cirebon, Provinsi Jawa Barat;-6.7070122;108.5508204;ATR/BPN Kantah Kota Cirebon;0
166;Kantor Pertanahan Kabupaten Kuningan, Provinsi Jawa Barat;-6.9699529;108.4986816;Badan Pertanahan Nasional - Kantor Pertanahan Kabupaten Kuningan;0
167;Kantor Pertanahan Kabupaten Majalengka, Provinsi Jawa Barat;-6.8377712;108.2399697;Kantor Pertanahan Kabupaten Majalengka;0
168;Kantor Pertanahan Kabupaten Indramayu, Provinsi Jawa Barat;-6.3391537;108.3368019;Badan Pertanahan Nasional;0
169;Kantor Pertanahan Kota Bekasi, Provinsi Jawa Barat;-6.2574463;107.0100824;Badan Pertanahan Nasional;0
170;Kantor Pertanahan Kota Depok, Provinsi Jawa Barat;-6.4235885;106.8281722;Kantor Pertanahan Kota Depok;0
171;Kantor Pertanahan Kota Cimahi, Provinsi Jawa Barat;-6.860533;107.545678;Badan Pertanahan Nasional Kota Cimahi;0
172;Kantor Pertanahan Kota Tasikmalaya, Provinsi Jawa Barat;-7.3171661;108.2369717;Kantor Pertanahan Kota Tasikmalaya;0
173;Kantor Pertanahan Kota Banjar, Provinsi Jawa Barat;-7.3643555;108.5324731;Kantor Pertanahan Kota Banjar;0
174;Kantor Pertanahan Kabupaten Bandung Barat, Provinsi Jawa Barat;-6.8330076;107.4656466;Kantor Pertanahan Kab. Bandung Barat;0
175;Kantor Pertanahan Kabupaten Pangandaran, Provinsi Jawa Barat;-7.6752958;108.6088748;Kantor Pertanahan Kabupaten Pangandaran;0
176;Kantor Pertanahan Kabupaten Bogor I, Provinsi Jawa Barat;-6.4846419;106.8340521;Kementerian ATR/BPN Kantor Pertanahan Kabupaten Bogor;0
177;Kantor Pertanahan Kabupaten Bogor II, Provinsi Jawa Barat;-6.4846419;106.8340521;Kementerian ATR/BPN Kantor Pertanahan Kabupaten Bogor;0
178;Kantor Wilayah Badan Pertanahan Nasional Provinsi Jawa Tengah;-6.9909398;110.4296767;Kanwil ATR/BPN Prov Jateng;0
179;Kantor Pertanahan Kota Semarang, Provinsi Jawa Tengah;-6.9917843;110.4291506;Kantor Pertanahan Kota Semarang;0
180;Kantor Pertanahan Kota Surakarta, Provinsi Jawa Tengah;-7.5551538;110.85468;Kantor ATR/ Badan Pertanahan Nasional Kota Surakarta;0
181;Kantor Pertanahan Kota Salatiga, Provinsi Jawa Tengah;-7.3194005;110.490453;ATR/BPN Kantah Kota Salatiga;0
182;Kantor Pertanahan Kota Magelang, Provinsi Jawa Tengah;-7.4735914;110.2138829;Kantor Pertanahan Kota Magelang;0
183;Kantor Pertanahan Kota Pekalongan, Provinsi Jawa Tengah;-6.8962347;109.6619627;Kantor Pertanahan Kota Pekalongan;0
184;Kantor Pertanahan Kota Tegal, Provinsi Jawa Tengah;-6.8581919;109.1307532;ATR/BPN Kantah Kota Tegal;0
185;Kantor Pertanahan Kabupaten Semarang, Provinsi Jawa Tengah;-7.1132598;110.412356;Kantor Pertanahan Kabupaten Semarang;0
186;Kantor Pertanahan Kabupaten Kendal, Provinsi Jawa Tengah;-6.9305538;110.1862897;Kantor Pertanahan Kabupaten Kendal;0
187;Kantor Pertanahan Kabupaten Demak, Provinsi Jawa Tengah;-6.8980713;110.6348227;Kantor Pertanahan (ATR/BPN) Kantah Kabupaten Demak;0
188;Kantor Pertanahan Kabupaten Grobogan, Provinsi Jawa Tengah;-7.0778463;110.9164553;Kantor Pertanahan (ATR/BPN) Kabupaten Grobogan;0
189;Kantor Pertanahan Kabupaten Pati, Provinsi Jawa Tengah;-6.7608994;111.0133146;Kantor Pertanahan Kabupaten Pati;0
190;Kantor Pertanahan Kabupaten Blora, Provinsi Jawa Tengah;-6.9715054;111.4107693;Kantor Pertanahan (ATR / BPN) Kabupaten Blora;0
191;Kantor Pertanahan Kabupaten Jepara, Provinsi Jawa Tengah;-6.5899663;110.6758732;Kantor Pertanahan (ATR/BPN) Kabupaten Jepara;0
192;Kantor Pertanahan Kabupaten Rembang, Provinsi Jawa Tengah;-6.7196532;111.3466108;Kementerian ATR/BPN Kantor Pertanahan Kabupaten Rembang;0
193;Kantor Pertanahan Kabupaten Kudus, Provinsi Jawa Tengah;-6.8148544;110.8593709;Kantor Pertanahan (ATR/BPN) Kabupaten Kudus;0
194;Kantor Pertanahan Kabupaten Sukoharjo, Provinsi Jawa Tengah;-6.7608994;111.0133146;Kantor Pertanahan Kabupaten Pati;0
195;Kantor Pertanahan Kabupaten Boyolali, Provinsi Jawa Tengah;-7.5419813;110.5960759;Kantor Pertanahan Kabupaten Boyolali;0
196;Kantor Pertanahan Kabupaten Karanganyar, Provinsi Jawa Tengah;-7.5992655;110.9612552;Kantor Pertanahan Kabupaten Karanganyar;0
197;Kantor Pertanahan Kabupaten Klaten, Provinsi Jawa Tengah;-7.6955319;110.6086173;Kantor Pertanahan (ATR/BPN) Kabupaten Klaten;0
198;Kantor Pertanahan Kabupaten Sragen, Provinsi Jawa Tengah;-7.4298405;111.0238509;BPN Kab. Sragen;0
199;Kantor Pertanahan Kabupaten Wonogiri, Provinsi Jawa Tengah;-7.813095;110.926275;Kantor Pertanahan Kabupaten Wonogiri (ATR/BPN);0
200;Kantor Pertanahan Kabupaten Magelang, Provinsi Jawa Tengah;-7.5872969;110.2198849;Kantor Pertanahan Kabupaten Magelang;0
201;Kantor Pertanahan Kabupaten Kebumen, Provinsi Jawa Tengah;-7.6681363;109.6686561;ATR/BPN Kabupaten Kebumen;0
202;Kantor Pertanahan Kabupaten Temanggung, Provinsi Jawa Tengah;-2.44565;117.8888;Badan Pertanahan Nasional (ATR/BPN) Temanggung;0
203;Kantor Pertanahan Kabupaten Wonosobo, Provinsi Jawa Tengah;-7.3560154;109.9055783;ATR/BPN Kantah Kab. Wonosobo;0
204;Kantor Pertanahan Kabupaten Purworejo, Provinsi Jawa Tengah;-7.7178289;110.0077088;Kantor Pertanahan Kabupaten Purworejo Provinsi Jawa Tengah absensi karyawan;0
205;Kantor Pertanahan Kabupaten Banyumas, Provinsi Jawa Tengah;-7.42644;109.2338728;Kantor Agraria Dan Tata Ruang BPN Kabupaten Banyumas;0
206;Kantor Pertanahan Kabupaten Banjarnegara, Provinsi Jawa Tengah;-7.3995811;109.683823;BPN Kab. Banjarnegara;0
207;Kantor Pertanahan Kabupaten Purbalingga, Provinsi Jawa Tengah;-7.3879538;109.3517669;ATR / BPN Kantor Pertanahan Kabupaten Purbalingga;0
208;Kantor Pertanahan Kabupaten Cilacap, Provinsi Jawa Tengah;-7.7265158;109.0080351;Kantor Pertanahan (ATR/BPN) Kabupaten Cilacap;0
209;Kantor Pertanahan Kabupaten Pekalongan, Provinsi Jawa Tengah;-6.8959007;109.6221923;BPN Kab. Pekalongan;0
210;Kantor Pertanahan Kabupaten Batang, Provinsi Jawa Tengah;-6.9097233;109.7199329;Kantor Pertanahan (ATR/BPN) Kabupaten Batang;0
211;Kantor Pertanahan Kabupaten Brebes, Provinsi Jawa Tengah;-6.8738089;109.0466679;Kantor Pertanahan Kabupaten Brebes;0
212;Kantor Pertanahan Kabupaten Pemalang, Provinsi Jawa Tengah;-6.8952592;109.3883757;ATR/BPN Pemalang;0
213;Kantor Pertanahan Kabupaten Tegal, Provinsi Jawa Tengah;-6.9792186;109.1389574;Kantor Pertanahan Kabupaten Tegal;0
214;Kantor Wilayah Badan Pertanahan Nasional Provinsi Jawa Timur;-7.3300174;112.7284428;Kantor Wilayah Badan Pertanahan Nasional ( BPN ) Provinsi Jawa Timur;0
215;Kantor Pertanahan Kota Surabaya I, Provinsi Jawa Timur;-7.3300174;112.7284428;Kantor Wilayah Badan Pertanahan Nasional ( BPN ) Provinsi Jawa Timur;0
216;Kantor Pertanahan Kota Mojokerto, Provinsi Jawa Timur;-7.4721509;112.4387419;Badan Pertanahan Nasional - Kantor Pertanahan Kota Mojokerto;0
217;Kantor Pertanahan Kota Madiun, Provinsi Jawa Timur;-7.6203656;111.5246872;Kantor Pertanahan Kota Madiun;0
218;Kantor Pertanahan Kota Kediri, Provinsi Jawa Timur;-7.8015943;112.0083398;Badan Pertanahan Nasional;0
219;Kantor Pertanahan Kota Blitar, Provinsi Jawa Timur;-8.0948623;112.1737804;BPN Kota Blitar;0
220;Kantor Pertanahan Kota Malang, Provinsi Jawa Timur;-7.9732825;112.6708892;Kantor Pertanahan Kota Malang;0
221;Kantor Pertanahan Kota Pasuruan, Provinsi Jawa Timur;-7.645303;112.906895;Badan Pertanahan Nasional ( ATR/BPN ) Kota Pasuruan;0
222;Kantor Pertanahan Kota Probolinggo, Provinsi Jawa Timur;-7.7563678;113.2265984;KANTOR PERTANAHAN KOTA PROBOLINGGO;0
223;Kantor Pertanahan Kabupaten Gresik, Provinsi Jawa Timur;-7.1690112;112.6027896;BPN Kabupaten Gresik;0
224;Kantor Pertanahan Kabupaten Sidoarjo, Provinsi Jawa Timur;-7.4646268;112.7403641;Kantor Pertanahan Kabupaten Sidoarjo;0
225;Kantor Pertanahan Kabupaten Mojokerto, Provinsi Jawa Timur;-7.481804;112.440438;Kantor Pertanahan Kabupaten Mojokerto;0
226;Kantor Pertanahan Kabupaten Jombang, Provinsi Jawa Timur;-7.5457773;112.2366816;Kantor Pertanahan Kabupaten Jombang;0
227;Kantor Pertanahan Kabupaten Bangkalan, Provinsi Jawa Timur;-7.0447306;112.7376403;Badan Pertanahan Nasional;0
228;Kantor Pertanahan Kabupaten Sampang, Provinsi Jawa Timur;-7.185146;113.2368847;BPN SAMPANG;0
229;Kantor Pertanahan Kabupaten Sumenep, Provinsi Jawa Timur;-7.0146619;113.8751815;Kantor Pertanahan Kabupaten Sumenep;0
230;Kantor Pertanahan Kabupaten Pamekasan, Provinsi Jawa Timur;-7.1606994;113.4891102;Kantor Pertanahan Kabupaten Pamekasan;0
231;Kantor Pertanahan Kabupaten Bojonegoro, Provinsi Jawa Timur;-7.1562705;111.8844952;Kantor Pertanahan Kabupaten Bojonegoro;0
232;Kantor Pertanahan Kabupaten Tuban, Provinsi Jawa Timur;-6.8924146;112.040511;Badan Pertanahan Nasional Kantor Pertanahan Kabupaten Tuban;0
233;Kantor Pertanahan Kabupaten Lamongan, Provinsi Jawa Timur;-7.1202173;112.4191589;Kantor Pertanahan Kabupaten Lamongan;0
234;Kantor Pertanahan Kabupaten Madiun, Provinsi Jawa Timur;-7.6528961;111.5225528;Kantor Pertanahan Kabupaten Madiun;0
235;Kantor Pertanahan Kabupaten Ngawi, Provinsi Jawa Timur;-7.4064114;111.4517669;Kantor Pertanahan Kabupaten Ngawi;0
236;Kantor Pertanahan Kabupaten Magetan, Provinsi Jawa Timur;-7.6578639;111.3259937;Kantor Pertanahan Kabupaten Magetan;0
237;Kantor Pertanahan Kabupaten Ponorogo, Provinsi Jawa Timur;-7.8643774;111.4797674;ATR BPN Kantah Ponorogo;0
238;Kantor Pertanahan Kabupaten Pacitan, Provinsi Jawa Timur;-8.2123722;111.1007861;Kantor Pertanahan Kabupaten Pacitan;0
239;Kantor Pertanahan Kabupaten Kediri, Provinsi Jawa Timur;-7.8114817;111.9956336;ATR/BPN Kabupaten Kediri;0
240;Kantor Pertanahan Kabupaten Nganjuk, Provinsi Jawa Timur;-7.6113592;111.9021634;Kantor Pertanahan Kabupaten Nganjuk;0
241;Kantor Pertanahan Kabupaten Tulungagung, Provinsi Jawa Timur;-8.069214;111.9010865;Kantor Pertanahan Kabupaten Tulungagung;0
242;Kantor Pertanahan Kabupaten Trenggalek, Provinsi Jawa Timur;-8.0580599;111.7173312;Kantor Pertanahan Kabupaten Trenggalek;0
243;Kantor Pertanahan Kabupaten Blitar, Provinsi Jawa Timur;-8.0998787;112.1735882;BPN RI Kantor Pertanahan Kabupaten Blitar;0
244;Kantor Pertanahan Kabupaten Malang, Provinsi Jawa Timur;-7.9604344;112.6335732;Dinas Pertanahan Kabupaten Malang;0
245;Kantor Pertanahan Kabupaten Probolinggo, Provinsi Jawa Timur;-7.7624541;113.4358096;Kantor Pertanahan ATR/BPN Kabupaten Probolinggo;0
246;Kantor Pertanahan Kabupaten Pasuruan, Provinsi Jawa Timur;-7.6469902;112.9086047;Badan Pertanahan Nasional ( ATR/BPN ) Kabupaten Pasuruan;0
247;Kantor Pertanahan Kabupaten Lumajang, Provinsi Jawa Timur;-8.1350334;113.2150019;Kantor Badan Pertanahan Nasional;0
248;Kantor Pertanahan Kabupaten Jember, Provinsi Jawa Timur;-8.1801955;113.6924386;Kantor Pertanahan Kabupaten Jember;0
249;Kantor Pertanahan Kabupaten Situbondo, Provinsi Jawa Timur;-7.7082205;113.9985884;Badan Pertanahan Nasional - Kantor Pertanahan Kabupaten Situbondo;0
250;Kantor Pertanahan Kabupaten Bondowoso, Provinsi Jawa Timur;-7.9160277;113.829512;Kantor Badan Pertanahan Kabupaten Bondowoso;0
251;Kantor Pertanahan Kabupaten Banyuwangi, Provinsi Jawa Timur;-8.2135945;114.3744997;Kantor Pertanahan Kabupaten Banyuwangi;0
252;Kantor Pertanahan Kota Batu, Provinsi Jawa Timur;-7.8682095;112.5049292;Kantor Pertanahan Kota Batu;0
253;Kantor Pertanahan Kota Surabaya II, Provinsi Jawa Timur;-7.2380026;112.7340348;Kantor Pertanahan Kota Surabaya II;0
254;Kantor Wilayah Badan Pertanahan Nasional Provinsi D.I. Yogyakarta;-7.8095662;110.369339;Kanwil BPN D.I. Yogyakarta;0
255;Kantor Pertanahan Kabupaten Bantul, Provinsi D.I. Yogyakarta;-7.8955515;110.3464914;Badan Pertanahan Nasional ( ATR/BPN ) Kabupaten Bantul;0
256;Kantor Pertanahan Kabupaten Gunungkidul, Provinsi D.I. Yogyakarta;-7.9400603;110.5940382;Badan Pertanahan Nasional ( ATR/BPN ) Kabupaten Gunungkidul;0
257;Kantor Pertanahan Kabupaten Kulon Progo, Provinsi D.I. Yogyakarta;-7.8466308;110.1680253;Kantor Pertanahan ( ATR/BPN ) Kabupaten Kulon Progo;0
258;Kantor Pertanahan Kabupaten Sleman, Provinsi D.I. Yogyakarta;-7.7071405;110.3472756;Kantor Pertanahan Kabupaten Sleman;0
259;Kantor Pertanahan Kota Yogyakarta, Provinsi D.I. Yogyakarta;-7.8019762;110.3933242;Badan Pertanahan Nasional ( ATR / BPN ) Kota Yogyakarta;0
260;Kantor Wilayah Badan Pertanahan Nasional Provinsi Kalimantan Barat;-0.0446458;109.3218472;Kantor Wilayah ATR/BPN Provinsi Kalimantan Barat;0
261;Kantor Pertanahan Kota Pontianak, Provinsi Kalimantan Barat;-0.0356052;109.3333606;Kantor Pertanahan Kota Pontianak;0
262;Kantor Pertanahan Kabupaten Mempawah, Provinsi Kalimantan Barat;0.3498732;108.9638282;Badan Pertanahan Nasional Kabupaten Mempawah;0
263;Kantor Pertanahan Kabupaten Sambas, Provinsi Kalimantan Barat;1.3727665;109.285967;Badan Pertanahan Nasional Kabupaten Sambas (BPN);0
264;Kantor Pertanahan Kabupaten Sanggau, Provinsi Kalimantan Barat;0.121103;110.590017;Kantor Pertanahan Kab Sanggau;0
265;Kantor Pertanahan Kabupaten Sintang, Provinsi Kalimantan Barat;0.0742955;111.4937738;BPN Sintang;0
266;Kantor Pertanahan Kabupaten Kapuas Hulu, Provinsi Kalimantan Barat;0.88045;112.9239176;Kantor Pertanahan Kabupaten Kapuas Hulu;0
267;Kantor Pertanahan Kabupaten Ketapang, Provinsi Kalimantan Barat;-1.8382181;109.9777995;Kantor Pertanahan Kabupaten Ketapang;0
268;Kantor Pertanahan Kabupaten Landak, Provinsi Kalimantan Barat;0.3922015;109.9458963;Kantor Pertanahan Kabupaten Landak;0
269;Kantor Pertanahan Kota Singkawang, Provinsi Kalimantan Barat;0.9053538;108.9772305;ATR/BPN Kota Singkawang;0
270;Kantor Pertanahan Kabupaten Bengkayang, Provinsi Kalimantan Barat;0.8673728;109.5029124;Kantor Pertanahan Kabupaten Bengkayang;0
271;Kantor Pertanahan Kabupaten Sekadau, Provinsi Kalimantan Barat;0.0086341;110.9561604;Kantor Pertanahan Kabupaten Sekadau;0
272;Kantor Pertanahan Kabupaten Melawi, Provinsi Kalimantan Barat;-0.3792626;111.7624942;Kantor Pertanahan Kabupaten Melawi;0
273;Kantor Pertanahan Kabupaten Kayong Utara, Provinsi Kalimantan Barat;-1.2246778;109.9624612;Kantor Pertanahan Kabupaten Kayong Utara;0
274;Kantor Pertanahan Kabupaten Kubu Raya, Provinsi Kalimantan Barat;-0.1232284;109.4097778;Kantor Pertanahan Kabupaten Kubu Raya;0
275;Kantor Wilayah Badan Pertanahan Nasional Provinsi Kalimantan Tengah;-2.2180025;113.915853;Kantor Wilayah Badan Pertanahan Nasional Provinsi Kalimantan Tengah;0
276;Kantor Pertanahan Kota Palangkaraya, Provinsi Kalimantan Tengah;-2.207248;113.9190795;Badan Pertanahan Nasional;0
277;Kantor Pertanahan Kabupaten Kapuas, Provinsi Kalimantan Tengah;-3.013165;114.3881854;Kantor Pertanahan Kabupaten Kapuas;0
278;Kantor Pertanahan Kabupaten Barito Selatan, Provinsi Kalimantan Tengah;-1.7093359;114.8717325;Kantor Pertanahan Kabupaten Barito Selatan;0
279;Kantor Pertanahan Kabupaten Barito Utara, Provinsi Kalimantan Tengah;-0.949543;114.895269;Kantor Pertanahan Kab. Barito Utara;0
280;Kantor Pertanahan Kabupaten Kotawaringin Timur, Provinsi Kalimantan Tengah;-2.5365642;112.8924182;Kantor Pertanahan Kabupaten Kotawaringin Timur;0
281;Kantor Pertanahan Kabupaten Kotawaringin Barat, Provinsi Kalimantan Tengah;-2.7119175;111.6457814;Kementerian Agraria Dan Tata Ruang Badan Pertanahan Nasional Kantor Kab Kotawaringin Barat;0
282;Kantor Pertanahan Kabupaten Gunung Mas, Provinsi Kalimantan Tengah;-1.1165634;113.8556441;Kantor Pertanahan Kabupaten Gunung Mas;0
283;Kantor Pertanahan Kabupaten Murung Raya, Provinsi Kalimantan Tengah;-0.6389809;114.5691894;Kantor Bpn Kab Murung Raya;0
284;Kantor Pertanahan Kabupaten Pulang Pisau, Provinsi Kalimantan Tengah;-2.8028632;114.2740112;Kantor Pertanahan Pulang Pisau;0
285;Kantor Pertanahan Kabupaten Katingan, Provinsi Kalimantan Tengah;-1.8750373;113.41482;Kantor Pertanahan Kab. Katingan;0
286;Kantor Pertanahan Kabupaten Seruyan, Provinsi Kalimantan Tengah;-3.412382;112.538613;Kantor Pertanahan Kab. Seruyan;0
287;Kantor Pertanahan Kabupaten Lamandau, Provinsi Kalimantan Tengah;-2.1819913;111.4289932;Kementerian ATR/BPN Kantah kab. Lamandau;0
288;Kantor Pertanahan Kabupaten Barito Timur, Provinsi Kalimantan Tengah;-2.0721355;115.1395573;Kantor Pertanahan Barito Timur;0
289;Kantor Pertanahan Kabupaten Sukamara, Provinsi Kalimantan Tengah;-2.7476631;111.1667275;Kantor Pertanahan Kabupaten Sukamara;0
290;Kantor Wilayah Badan Pertanahan Nasional Provinsi Kalimantan Timur;-0.4705715;117.147822;Kantor Wilayah Badan Pertanahan Nasional Provinsi Kalimantan Timur;0
291;Kantor Pertanahan Kota Samarinda, Provinsi Kalimantan Timur;-0.4463288;117.1403;Kantor Pertanahan Kota Samarinda;0
292;Kantor Pertanahan Kota Balikpapan, Provinsi Kalimantan Timur;-1.2418336;116.8915801;Badan Pertanahan Nasional;0
293;Kantor Pertanahan Kabupaten Kutai Kartanegara, Provinsi Kalimantan Timur;-0.4199282;116.9885293;Badan Pertanahan Nasional Republik Indonesia;0
294;Kantor Pertanahan Kabupaten Paser, Provinsi Kalimantan Timur;-1.9039899;116.1925919;Badan Pertanahan Nasional;0
295;Kantor Pertanahan Kabupaten Berau, Provinsi Kalimantan Timur;2.1469375;117.5030625;BPN;0
296;Kantor Pertanahan Kabupaten Bulungan, Provinsi Kalimantan Timur;2.8419061;117.3720801;Kantor Pertanahan Kabupaten Bulungan;0
297;Kantor Pertanahan Kota Tarakan, Provinsi Kalimantan Timur;3.300814;117.6088727;Kantor Pertanahan Kota Tarakan;0
298;Kantor Pertanahan Kabupaten Nunukan, Provinsi Kalimantan Timur;4.0711294;117.7212469;KANTOR BPN NUNUKAN;0
299;Kantor Pertanahan Kabupaten Kutai Timur, Provinsi Kalimantan Timur;0.5214364;117.6017778;Kantor Pertanahan Kabupaten Kutai Timur;0
300;Kantor Pertanahan Kota Bontang, Provinsi Kalimantan Timur;0.1651065;117.4678846;Kantor Pertanahan Kota Bontang;0
301;Kantor Pertanahan Kabupaten Kutai Barat, Provinsi Kalimantan Timur;-0.239712;115.6990442;Kantor Pertanahan Kabupaten Kutai Barat;0
302;Kantor Pertanahan Kabupaten Penajam Paser Utara, Provinsi Kalimantan Timur;-1.3102388;116.7319518;Kantor Pertanahan Penajam Paser Utara;0
303;Kantor Pertanahan Kabupaten Malinau, Provinsi Kalimantan Timur;3.5623206;116.6147829;Kantor Pertanahan Kabupaten Malinau;0
304;Kantor Wilayah Badan Pertanahan Nasional Provinsi Kalimantan Selatan;-3.4840681;114.8234374;Kanwil ATR / BPN Kalsel;0
305;Kantor Pertanahan Kota Banjarmasin, Provinsi Kalimantan Selatan;-3.337202;114.631582;Kementerian Agraria dan Tata Ruang / Kantor Pertanahan Nasional Banjarmasin;0
306;Kantor Pertanahan Kabupaten Banjar, Provinsi Kalimantan Selatan;-3.4255285;114.8483313;Kantor Pertanahan Kabupaten Banjar;0
307;Kantor Pertanahan Kabupaten Tapin, Provinsi Kalimantan Selatan;-2.9294047;115.152762;Kantor Pertanahan Kabupaten Tapin;0
308;Kantor Pertanahan Kabupaten Hulu Sungai Selatan, Provinsi Kalimantan Selatan;-2.776199;115.2653163;Kantor Pertanahan Kabupaten Hulu Sungai Selatan;0
309;Kantor Pertanahan Kabupaten Hulu Sungai Tengah, Provinsi Kalimantan Selatan;-2.5900092;115.3736363;Kantor Pertanahan Kabupaten Hulu Sungai Tengah;0
310;Kantor Pertanahan Kabupaten Hulu Sungai Utara, Provinsi Kalimantan Selatan;-2.4144628;115.2476821;Kantor Pertanahan Kabupaten Hulu Sungai Utara;0
311;Kantor Pertanahan Kabupaten Tabalong, Provinsi Kalimantan Selatan;-2.1721689;115.3999384;Kantor Pertanahan/BPN Kabupaten Tabalong;0
312;Kantor Pertanahan Kabupaten Tanah Laut, Provinsi Kalimantan Selatan;-3.8016968;114.7833569;Kantor Pertanahan Kabupaten Tanah Laut;0
313;Kantor Pertanahan Kabupaten Barito Kuala, Provinsi Kalimantan Selatan;-2.9827778;114.7355556;Kantor Pertanahan Kabupaten Barito Kuala;0
314;Kantor Pertanahan Kabupaten Kotabaru, Provinsi Kalimantan Selatan;-3.3348683;116.1566596;Kementerian Agraria Dan Tata Ruang/BPN Kotabaru;0
315;Kantor Pertanahan Kota Banjarbaru, Provinsi Kalimantan Selatan;-3.4394579;114.8317575;Badan Pertanahan Nasional Kantor Pertanahan Kota Banjarbaru;0
316;Kantor Pertanahan Kabupaten Tanah Bumbu, Provinsi Kalimantan Selatan;-3.4783107;115.954872;Kantor Pertanahan Kabupaten Tanah Bumbu;0
317;Kantor Pertanahan Kabupaten Balangan, Provinsi Kalimantan Selatan;-2.3616363;115.4704033;Kantor Pertanahan Kabupaten Balangan;0
318;Kantor Wilayah Badan Pertanahan Nasional Provinsi Sulawesi Utara;1.470703;124.8422095;Kanwil BPN Prop Sulut;0
319;Kantor Pertanahan Kota Manado, Provinsi Sulawesi Utara;1.4647406;124.8551241;Kantor Pertanahan Kota Manado (ATR/BPN);0
320;Kantor Pertanahan Kabupaten Minahasa, Provinsi Sulawesi Utara;1.3182875;124.9086218;Kantor Pertanahan Kab. Minahasa;0
321;Kantor Pertanahan Kabupaten Bolaang Mongondow, Provinsi Sulawesi Utara;0.8730424;124.0227043;Kantor Pertanahan Kabupaten Bolaang Mongondow;0
322;Kantor Pertanahan Kabupaten Kepulauan Sangihe, Provinsi Sulawesi Utara;3.6091786;125.5059643;Kantor Pertanahan Kab. Kep. Sangihe;0
323;Kantor Pertanahan Kota Bitung, Provinsi Sulawesi Utara;1.4353859;125.1171149;Kantor Pertanahan Kota Bitung;0
324;Kantor Pertanahan Kabupaten Kepulauan Talaud, Provinsi Sulawesi Utara;4.0069468;126.6787278;Kantor Pertanahan Kabupaten Kepulauan Talaud;0
325;Kantor Pertanahan Kota Tomohon, Provinsi Sulawesi Utara;1.3122167;124.819954;Kantor Pertanahan Kota Tomohon;0
326;Kantor Pertanahan Kabupaten Minahasa Utara, Provinsi Sulawesi Utara;1.4604589;124.9739238;Kantor Pertanahan Kab. Minahasa Utara;0
327;Kantor Pertanahan Kabupaten Minahasa Selatan, Provinsi Sulawesi Utara;1.1834362;124.5072728;Kantor Pertanahan Minahasa Selatan;0
328;Kantor Pertanahan Kota Kotamobagu, Provinsi Sulawesi Utara;0.7372713;124.3309655;Kantor Pertanahan Kota Kotamobagu;0
329;Kantor Pertanahan Kabupaten Minahasa Tenggara, Provinsi Sulawesi Utara;1.0383199;124.7948548;BPN Kab Minahasa Tenggara;0
330;Kantor Pertanahan Kabupaten Bolaang Mongondow Utara, Provinsi Sulawesi Utara;0.9092816;123.2610501;Kantor ATR/BPN Bolmut (Bolaang Mongondow Utara);0
331;Kantor Pertanahan Kabupaten Kepulauan Siau Tagulandang Biaro, Provinsi Sulawesi Utara;2.721753;125.3658254;Kantor Pertanahan Kabupaten Kepulauan Siau Tagulandang Biaro;0
332;Kantor Pertanahan Kabupaten Bolaang Mongondow Timur, Provinsi Sulawesi Utara;0.7838917;124.6220715;Kantor Pertanahan Kabupaten Bolaang Mongondow Timur;0
333;Kantor Pertanahan Kabupaten Bolaang Mongondow Selatan, Provinsi Sulawesi Utara;0.3971425;123.9811741;Kantor Pertanahan Kab. Bolaang Mongondow Selatan;0
334;Kantor Wilayah Badan Pertanahan Nasional Provinsi Sulawesi Tengah;-0.888831;119.8809002;Kanwil BPN Sulawesi Tengah;0
335;Kantor Pertanahan Kabupaten Donggala, Provinsi Sulawesi Tengah;-0.6805989;119.7567749;BPN Kab Donggala;0
336;Kantor Pertanahan Kabupaten Toli-Toli, Provinsi Sulawesi Tengah;1.042025;120.8243507;Kantor Pertanahan Kabupaten Tolitoli;0
337;Kantor Pertanahan Kabupaten Banggai, Provinsi Sulawesi Tengah;-0.9990348;122.7890196;Kantor Pertanahan Kabupaten Banggai;0
338;Kantor Pertanahan Kabupaten Poso, Provinsi Sulawesi Tengah;-1.9754815;122.0011469;Kantor Pertanahan Kabupaten Poso;0
339;Kantor Pertanahan Kota Palu, Provinsi Sulawesi Tengah;-0.9018579;119.8854682;Kantor Pertanahan Kota Palu;0
340;Kantor Pertanahan Kabupaten Morowali, Provinsi Sulawesi Tengah;-2.4824178;121.9381655;Kantor ATR/BPN Pertanahan Kab. Morowali;0
341;Kantor Pertanahan Kabupaten Buol, Provinsi Sulawesi Tengah;1.1676819;121.4096221;Kantor Pertanahan Kabupaten Buol;0
342;Kantor Pertanahan Kabupaten Parigi Moutong, Provinsi Sulawesi Tengah;-0.7964677;120.1603275;Kantor Pertanahan Kabupaten Parigi Moutong;0
343;Kantor Pertanahan Kabupaten Tojo Una-una, Provinsi Sulawesi Tengah;-0.9131023;121.5843167;Kantor Pertanahan Kabupaten Tojo Una-una;0
344;Kantor Pertanahan Kabupaten Sigi, Provinsi Sulawesi Tengah;-1.009964;119.9283216;Kantor Pertanahan Kabupaten Sigi;0
345;Kantor Pertanahan Kabupaten Banggai Kepulauan, Provinsi Sulawesi Tengah;-1.3124922;123.2948966;Kantor Pertanahan ATR/BPN Kabupaten Banggai Kepulauan;0
346;Kantor Pertanahan Kabupaten Morowali Utara, Provinsi Sulawesi Tengah;-2.080568;121.3667936;KANTOR PERTANAHAN KAB. MOROWALI UTARA;0
347;Kantor Pertanahan Kabupaten Banggai Laut, Provinsi Sulawesi Tengah;-1.601762;123.5002779;Kantor Pertanahan Kabupaten Banggai Laut;0
348;Kantor Wilayah Badan Pertanahan Nasional Provinsi Sulawesi Selatan;-5.1719357;119.4100108;Kantor Wilayah Badan Pertanahan Nasional Provinsi Sulsel;0
349;Kantor Pertanahan Kota Makassar, Provinsi Sulawesi Selatan;-5.1673485;119.4349841;Kantor Pertanahan Kota Makassar;0
350;Kantor Pertanahan Kabupaten Gowa, Provinsi Sulawesi Selatan;-5.2050999;119.4510447;Kantor Pertanahan Kabupaten Gowa;0
351;Kantor Pertanahan Kabupaten Takalar, Provinsi Sulawesi Selatan;-5.4246342;119.4387329;Kantor Pertanahan Kabupaten Takalar;0
352;Kantor Pertanahan Kabupaten Jeneponto, Provinsi Sulawesi Selatan;-5.6783331;119.7478994;Kantor Pertanahan Kab. Jeneponto;0
353;Kantor Pertanahan Kabupaten Maros, Provinsi Sulawesi Selatan;-4.9999713;119.5725711;Badan Pertanahan Nasional Kabupaten Maros;0
354;Kantor Pertanahan Kabupaten Pangkajene Kepulauan, Provinsi Sulawesi Selatan;-4.8361504;119.5520634;Kantor Pertanahan Kab. Pangkajene Dan Kepulauan;0
355;Kantor Pertanahan Kabupaten Barru, Provinsi Sulawesi Selatan;-4.4112883;119.6196354;Kantor Kepala Pertanahan Kabupaten Barru;0
356;Kantor Pertanahan Kabupaten Luwu, Provinsi Sulawesi Selatan;-3.3959634;120.3688429;Kantor Pertanahan Kab. Luwu;0
357;Kantor Pertanahan Kabupaten Tana Toraja, Provinsi Sulawesi Selatan;-3.0902509;119.8548611;Badan Pertanahan Nasional - Kantor Pertanahan Kabupaten Tana Toraja;0
358;Kantor Pertanahan Kabupaten Soppeng, Provinsi Sulawesi Selatan;-4.3661792;119.8971234;Kantor Pertanahan Kabupaten Soppeng;0
359;Kantor Pertanahan Kabupaten Sinjai, Provinsi Sulawesi Selatan;-5.1229409;120.2487833;Badan Pertanahan Nasional Kabupaten Sinjai;0
360;Kantor Pertanahan Kabupaten Kepulauan Selayar, Provinsi Sulawesi Selatan;-6.1169959;120.4591017;Kantor Pertanahan Kabupaten Kepulauan Selayar;0
361;Kantor Pertanahan Kabupaten Bone, Provinsi Sulawesi Selatan;-4.5439259;120.3045138;Kantor Pertanahan Kab. Bone;0
362;Kantor Pertanahan Kabupaten Wajo, Provinsi Sulawesi Selatan;-4.1329354;120.033498;"Kementerian Agraria &amp; Tata Ruang / Badan Pertanahan Nasional (BPN) Kab. Wajo";0
363;Kantor Pertanahan Kota Parepare, Provinsi Sulawesi Selatan;-4.0328538;119.6313262;Kantor Pertanahan Kota Parepare;0
364;Kantor Pertanahan Kabupaten Pinrang, Provinsi Sulawesi Selatan;-3.8046517;119.6497305;Dinas Pertanahan Kab. Pinrang;0
365;Kantor Pertanahan Kabupaten Sidenreng Rappang, Provinsi Sulawesi Selatan;-3.9212043;119.794303;Kantor Pertanahan Kab. Sidenreng Rappang;0
366;Kantor Pertanahan Kabupaten Enrekang, Provinsi Sulawesi Selatan;-3.5634171;119.773663;Kantor Pertanahan Kabupaten Enrekang;0
367;Kantor Pertanahan Kabupaten Bantaeng, Provinsi Sulawesi Selatan;-5.552342;119.9674966;Kantor Pertanahan Kab Bantaeng;0
368;Kantor Pertanahan Kabupaten Bulukumba, Provinsi Sulawesi Selatan;-5.5528315;120.1904006;Kantor BPN Bulukumba;0
369;Kantor Pertanahan Kabupaten Luwu Utara, Provinsi Sulawesi Selatan;-2.5481457;120.3445662;Kantor Pertanahan Kabupaten Luwu Utara;0
370;Kantor Pertanahan Kota Palopo, Provinsi Sulawesi Selatan;-3.0099363;120.2024917;Kantor Pertanahan Kota Palopo;0
371;Kantor Pertanahan Kabupaten Luwu Timur, Provinsi Sulawesi Selatan;-2.6144119;121.1203799;ATR / BPN LUWU TIMUR;0
372;Kantor Pertanahan Kabupaten Toraja Utara, Provinsi Sulawesi Selatan;-2.9745202;119.8979192;Kantor Pertanahan Kab. Toraja Utara;0
373;Kantor Wilayah Badan Pertanahan Nasional Provinsi Sulawesi Tenggara;-3.9734305;122.5095353;Kanwil ATR/BPN Prov. Sultra;0
374;Kantor Pertanahan Kabupaten Konawe, Provinsi Sulawesi Tenggara;-3.8526623;122.0409387;ATR / BPN Kab. Konawe;0
375;Kantor Pertanahan Kabupaten Kolaka, Provinsi Sulawesi Tenggara;-4.0533222;121.5977269;Kantor Pertanahan Kabupaten Kolaka;0
376;Kantor Pertanahan Kabupaten Buton, Provinsi Sulawesi Tenggara;-5.4653166;122.8605859;KANTOR PERTANAHAN KAB.BUTON;0
377;Kantor Pertanahan Kabupaten Muna, Provinsi Sulawesi Tenggara;-4.8290702;122.7245104;Kantor Pertanahan Kabupaten Muna;0
378;Kantor Pertanahan Kota Kendari, Provinsi Sulawesi Tenggara;-3.9727359;122.5092257;Kantor Pertanahan Kota Kendari;0
379;Kantor Pertanahan Kota Baubau, Provinsi Sulawesi Tenggara;-5.4697408;122.5981679;KANTOR PERTANAHAN KOTA BAUBAU;0
380;Kantor Pertanahan Kabupaten Konawe Selatan, Provinsi Sulawesi Tenggara;-4.3320765;122.2769026;Kantor Pertanahan Kab. Konawe Selatan;0
381;Kantor Pertanahan Kabupaten Kolaka Utara, Provinsi Sulawesi Tenggara;-3.4962599;120.8856687;Kantor Pertanahan Kab. Kolaka Utara;0
382;Kantor Pertanahan Kabupaten Bombana, Provinsi Sulawesi Tenggara;-4.7315342;122.0312941;Kantor Pertanahan Kabupaten Bombana;0
383;Kantor Pertanahan Kabupaten Wakatobi, Provinsi Sulawesi Tenggara;-5.3404409;123.5524055;Kantor Pertanahan Kab. Wakatobi;0
384;Kantor Pertanahan Kabupaten Konawe Utara, Provinsi Sulawesi Tenggara;-3.5113978;122.1131139;Kantor ATR/BPN Konawe Utara;0
385;Kantor Pertanahan Kabupaten Buton Utara, Provinsi Sulawesi Tenggara;-4.7813136;123.1837648;Kantor Pertanahan Kabupaten Buton Utara;0
386;Kantor Pertanahan Kabupaten Kolaka Timur, Provinsi Sulawesi Tenggara;-4.0446585;121.8956332;Kantor Pertanahan Kabupaten Kolaka Timur;0
387;Kantor Pertanahan Kabupaten Konawe Kepulauan, Provinsi Sulawesi Tenggara;-4.0287201;122.9889521;Kantor Pertanahan Kab. Konawe Kepulauan;0
388;Kantor Pertanahan Kabupaten Buton Selatan, Provinsi Sulawesi Tenggara;-5.4653166;122.8605859;KANTOR PERTANAHAN KAB.BUTON;0
389;Kantor Pertanahan Kabupaten Buton Tengah, Provinsi Sulawesi Tenggara;-5.2564417;122.5784772;Kantor Pertanahan Kabupaten Buton Tengah;0
390;Kantor Pertanahan Kabupaten Muna Barat, Provinsi Sulawesi Tenggara;-4.797393;122.4241226;Kantor Pertanahan Muna Barat;0
391;Kantor Wilayah Badan Pertanahan Nasional Provinsi Bali;-8.6673489;115.2306851;Kantor Wilayah Badan Pertanahan Nasional Provinsi Bali;0
392;Kantor Pertanahan Kabupaten Jembrana, Provinsi Bali;-8.3563992;114.6360033;Kantor Pertanahan Kabupaten Jembrana;0
393;Kantor Pertanahan Kabupaten Tabanan, Provinsi Bali;-8.5369498;115.1196782;Badan Pertanahan Nasional - Kantor Pertanahan Kabupaten Tabanan;0
394;Kantor Pertanahan Kabupaten Badung, Provinsi Bali;-8.6839487;115.1706974;Kementrian Agraria Dan Tata Ruang/ Badan Pertanahan Nasional;0
395;Kantor Pertanahan Kabupaten Buleleng, Provinsi Bali;-8.1143353;115.0857088;Kantor Pertanahan Kabupaten Buleleng;0
396;Kantor Pertanahan Kabupaten Gianyar, Provinsi Bali;-8.5420945;115.3232462;Kantor Pertanahan Kabupaten Gianyar;0
397;Kantor Pertanahan Kabupaten Klungkung, Provinsi Bali;-8.5260497;115.4039577;Kantor Pertanahan Kabupaten Klungkung;0
398;Kantor Pertanahan Kabupaten Bangli, Provinsi Bali;-8.4614208;115.3541949;Badan Pertanahan Nasional Kabupaten Bangli / ATR;0
399;Kantor Pertanahan Kabupaten Karangasem, Provinsi Bali;-8.4488888;115.6077851;Kantor BPN Karangasem;0
400;Kantor Pertanahan Kota Denpasar, Provinsi Bali;-8.6548829;115.2262029;Kantor Pertanahan Kota Denpasar;0
401;Kantor Wilayah Badan Pertanahan Nasional Provinsi Nusa Tenggara Barat;-8.581976;116.0976761;ATR/BPN Kanwil NTB;0
402;Kantor Pertanahan Kabupaten Lombok Barat, Provinsi Nusa Tenggara Barat;-8.6835207;116.1386653;Kantor Pertanahan Kabupaten Lombok Barat;0
403;Kantor Pertanahan Kabupaten Lombok Tengah, Provinsi Nusa Tenggara Barat;-8.7039852;116.2660522;Badan Pertanahan Nasional Kabupaten Lombok Tengah;0
404;Kantor Pertanahan Kabupaten Lombok Timur, Provinsi Nusa Tenggara Barat;-8.6488941;116.5320897;Kantor BPN Kabupaten Lombok Timur;0
405;Kantor Pertanahan Kabupaten Sumbawa, Provinsi Nusa Tenggara Barat;-8.4802306;117.4083974;Kantor Pertanahan Kabupaten Sumbawa;0
406;Kantor Pertanahan Kabupaten Dompu, Provinsi Nusa Tenggara Barat;-8.5435788;118.4351703;Kantor BPN Kab. Dompu;0
407;Kantor Pertanahan Kabupaten Bima, Provinsi Nusa Tenggara Barat;-8.5599248;118.67354;Kantor Pertanahan Kabupaten Bima;0
408;Kantor Pertanahan Kota Mataram, Provinsi Nusa Tenggara Barat;-8.581976;116.0976761;ATR/BPN Kanwil NTB;0
409;Kantor Pertanahan Kota Bima, Provinsi Nusa Tenggara Barat;-8.4627774;118.7458195;Badan Pertanahan Nasional (BPN) Kantor Kota Bima;0
410;Kantor Pertanahan Kabupaten Sumbawa Barat, Provinsi Nusa Tenggara Barat;-8.7708134;116.8254379;Kantor Pertanahan Kabupaten Sumbawa Barat;0
411;Kantor Pertanahan Kabupaten Lombok Utara, Provinsi Nusa Tenggara Barat;-8.3219931;116.1952708;KANTOR PERTANAHAN KABUPATEN LOMBOK UTARA, NUSA TENGGARA BARAT;0
412;Kantor Wilayah Badan Pertanahan Nasional Provinsi Nusa Tenggara Timur;-10.15795;123.6225267;BPN Prov.NTT;0
413;Kantor Pertanahan Kota Kupang, Provinsi Nusa Tenggara Timur;-10.1580157;123.6216114;Kantor Pertanahan Kota Kupang;0
414;Kantor Pertanahan Kabupaten Timor Tengah Selatan, Provinsi Nusa Tenggara Timur;-9.8537347;124.2764648;Kantor Pertanahan Kabupaten Timor Tengah Selatan;0
415;Kantor Pertanahan Kabupaten Timor Tengah Utara, Provinsi Nusa Tenggara Timur;-9.4581561;124.4766017;Kantor Pertanahan Kabupaten Timor Tengah Utara;0
416;Kantor Pertanahan Kabupaten Belu, Provinsi Nusa Tenggara Timur;-9.1056042;124.8889718;Kantor Pertanahan Kab. Belu;0
417;Kantor Pertanahan Kabupaten Alor, Provinsi Nusa Tenggara Timur;-8.2142822;124.5454562;Kantor Pertanahan Kabupaten Alor;0
418;Kantor Pertanahan Kabupaten Flores Timur, Provinsi Nusa Tenggara Timur;-8.3273647;123.0030864;Kantor Pertanahan Kabupaten Flores TImur;0
419;Kantor Pertanahan Kabupaten Sikka, Provinsi Nusa Tenggara Timur;-8.6209517;122.2081307;Kantor Pertanahan Kabupaten Sikka;0
420;Kantor Pertanahan Kabupaten Ende, Provinsi Nusa Tenggara Timur;-8.8366544;121.6637763;Kantor Pertanahan Kabupaten Ende;0
421;Kantor Pertanahan Kabupaten Ngada, Provinsi Nusa Tenggara Timur;-8.7869652;120.9719275;Kantor Pertanahan Kab. Ngada;0
422;Kantor Pertanahan Kabupaten Manggarai, Provinsi Nusa Tenggara Timur;-8.6126566;120.4675695;Kantor Pertanahan Kabupaten Manggarai;0
423;Kantor Pertanahan Kabupaten Sumba Timur, Provinsi Nusa Tenggara Timur;-9.6606088;120.2568925;Kantor Pertanahan Kabupaten Sumba Timur;0
424;Kantor Pertanahan Kabupaten Sumba Barat, Provinsi Nusa Tenggara Timur;-9.6490792;119.3896486;Kantor Pertanahan Kab. Sumba Barat;0
425;Kantor Pertanahan Kabupaten Kupang, Provinsi Nusa Tenggara Timur;-10.0780217;123.8647963;Kantor Pertanahan Kab. Kupang;0
426;Kantor Pertanahan Kabupaten Lembata, Provinsi Nusa Tenggara Timur;-8.373693;123.400025;Kantor Pertanahan Kab. Lembata;0
427;Kantor Pertanahan Kabupaten Rote Ndao, Provinsi Nusa Tenggara Timur;-10.7547337;123.061551;Kantor Pertanahan Kabupaten Rote Ndao;0
428;Kantor Pertanahan Kabupaten Manggarai Barat, Provinsi Nusa Tenggara Timur;-8.4798338;119.8904791;Kantor Pertanahan Kabupaten Manggarai Barat;0
429;Kantor Pertanahan Kabupaten Nagekeo, Provinsi Nusa Tenggara Timur;-8.5695757;121.2802405;Kantor Pertanahan Kabupaten Nagekeo;0
430;Kantor Pertanahan Kabupaten Sumba Tengah, Provinsi Nusa Tenggara Timur;-9.6185087;119.6020072;Kantor Pertanahan Kabupaten Sumba Tengah;0
431;Kantor Pertanahan Kabupaten Sumba Barat Daya, Provinsi Nusa Tenggara Timur;-9.4120978;119.1977951;Kantor Pertanahan Kabupaten Sumba Barat Daya;0
432;Kantor Pertanahan Kabupaten Manggarai Timur, Provinsi Nusa Tenggara Timur;-8.6126566;120.4675695;Kantor Pertanahan Kabupaten Manggarai;0
433;Kantor Pertanahan Kabupaten Sabu Raijua, Provinsi Nusa Tenggara Timur;-10.4946944;121.8393873;Kantor Pertanahan Kabupaten Sabu Raijua;0
434;Kantor Pertanahan Kabupaten Malaka, Provinsi Nusa Tenggara Timur;-9.5597795;124.9222614;BPN kabupaten malaka;0
435;Kantor Wilayah Badan Pertanahan Nasional Provinsi Maluku;-6.1819095;106.8110537;Kanwil BPN DKI Jakarta;0
436;Kantor Pertanahan Kabupaten Maluku Tengah, Provinsi Maluku;-3.3043657;128.9610525;Kantor Pertanahan Kabupaten Maluku Tengah;0
437;Kantor Pertanahan Kabupaten Maluku Tenggara, Provinsi Maluku;-5.6509878;132.7354713;Kantor Pertanahan Kabupaten Maluku Tenggara;0
438;Kantor Pertanahan Kota Ambon, Provinsi Maluku;-3.6721808;128.1980685;Kantor Pertanahan Kota Ambon;0
439;Kantor Pertanahan Kabupaten Maluku Tenggara Barat, Provinsi Maluku;-7.9604279;131.3150314;Kantor Pertanahan Kabupaten Kepulauan Tanimbar;0
440;Kantor Pertanahan Kabupaten Buru, Provinsi Maluku;-3.2616029;127.0978991;Kantor Pertanahan Kabupaten Buru;0
441;Kantor Pertanahan Kabupaten Seram Bagian Timur, Provinsi Maluku;-3.0976938;130.4714971;Kantor Pertanahan Kabupaten Seram Bagian Timur;0
442;Kantor Pertanahan Kabupaten Seram Bagian Barat, Provinsi Maluku;-3.067824;128.1945956;Kantor Pertanahan Kabupaten Seram Bagian Barat;0
443;Kantor Pertanahan Kabupaten Kepulauan Aru, Provinsi Maluku;-5.7597414;134.2223436;Kantor Pertanahan Kab.Kepulauan Aru;0
444;Kantor Pertanahan Kabupaten Kepulauan Tanimbar, Provinsi Maluku;-7.9604279;131.3150314;Kantor Pertanahan Kabupaten Kepulauan Tanimbar;0
445;Kantor Wilayah Badan Pertanahan Nasional Provinsi Papua;-2.5202845;140.7332838;Kantor Wilayah ATR/BPN Papua;0
446;Kantor Pertanahan Kabupaten Jayapura, Provinsi Papua;-2.5778387;140.541956;Kantor Pertanahan Kabupaten Jayapura;0
447;Kantor Pertanahan Kabupaten Paniai, Provinsi Papua;-3.9414244;136.4198998;Kantor Pertanahan Kabupaten Paniai;0
448;Kantor Pertanahan Kabupaten Jayawijaya, Provinsi Papua;-4.099014;138.9441881;Kantor Pertanahan Kabupaten Jayawijaya;0
449;Kantor Pertanahan Kabupaten MErauke, Provinsi Papua;-8.4906413;140.4000683;Kantor Pertanahan Kab. Merauke;0
450;Kantor Pertanahan Kabupaten Kepulauan Yapen, Provinsi Papua;-1.8736184;136.2375825;Kantor Pertanahan Kabupaten Kepulauan Yapen;0
451;Kantor Pertanahan Kabupaten Biak Numfor, Provinsi Papua;-1.1712256;136.0917584;Kantor Pertanahan Kabupaten Biak Numfor;0
452;Kantor Pertanahan Kota Jayapura, Provinsi Papua;-2.5987836;140.6839897;Kantor Pertanahan Kota Jayapura;0
453;Kantor Pertanahan Kabupaten Mimika, Provinsi Papua;-4.5397267;136.8725292;Kantor Pertanahan Mimika;0
454;Kantor Pertanahan Kabupaten Nabire, Provinsi Papua;-3.3641177;135.5043907;Kantor Pertanahan Kabupaten Nabire;0
455;Kantor Pertanahan Kabupaten Puncak Jaya, Provinsi Papua;-6.1819095;106.8110537;Kanwil BPN DKI Jakarta;0
456;Kantor Pertanahan Kabupaten Keerom, Provinsi Papua;-2.8970329;140.7655487;Kantor Pertanahan Kabupaten Keerom;0
457;Kantor Pertanahan Kabupaten Sarmi, Provinsi Papua;-1.8634557;138.7463254;Kantor Pertanahan Kabupaten Sarmi;0
458;Kantor Wilayah Badan Pertanahan Nasional Provinsi Maluku Utara;0.7749039;127.3732426;Kanwil BPN Maluku Utara;0
459;Kantor Pertanahan Kota Ternate, Provinsi Maluku Utara;0.7893974;127.3791156;BPN Kota Ternate;0
460;Kantor Pertanahan Kabupaten Halmahera Barat, Provinsi Maluku Utara;1.0803287;127.4776458;Kantor Pertanahan Kab. Halbar Jailolo;0
461;Kantor Pertanahan Kabupaten Halmahera Tengah, Provinsi Maluku Utara;0.3296137;127.8591277;Kantor Pertanahan Kabupaten Halmahera Tengah;0
462;Kantor Pertanahan Kota Tidore Kepulauan, Provinsi Maluku Utara;0.6646871;127.4482279;Kantor Pertanahan Kota Tidore Kepulauan;0
463;Kantor Pertanahan Kabupaten Halmahera Selatan, Provinsi Maluku Utara;-0.6435621;127.4964204;Kantor Pertanahan Kab. Halmahera Selatan;0
464;Kantor Pertanahan Kabupaten Halmahera Utara, Provinsi Maluku Utara;1.7187511;127.9938682;Kantor Pertanahan Kabupaten Halmahera Utara;0
465;Kantor Pertanahan Kabupaten Halmahera Timur, Provinsi Maluku Utara;0.6821038;128.2967376;Kantor Pertanahan Kabupaten Halmahera Timur;0
466;Kantor Pertanahan Kabupaten Kepulauan Sula, Provinsi Maluku Utara;-2.0635582;125.9811894;Kantor Pertanahan Kabupaten Kepulauan Sula;0
467;Kantor Pertanahan Kabupaten Pulau Morotai, Provinsi Maluku Utara;2.0612307;128.3049126;BPN Pulau Morotai;0
468;Kantor Wilayah Badan Pertanahan Nasional Provinsi Banten;-6.1708909;106.1644724;Kantor Wilayah Badan Pertanahan Nasional Provinsi Banten;0
469;Kantor Pertanahan Kabupaten Serang, Provinsi Banten;-6.1132545;106.1415355;Kantor Pertanahan Kabupaten Serang ATR/BPN;0
470;Kantor Pertanahan Kabupaten Pandeglang, Provinsi Banten;-6.3126011;106.1011772;Kantor Pertanahan Kabupaten Pandeglang;0
471;Kantor Pertanahan Kabupaten Lebak, Provinsi Banten;-6.3557128;106.2780442;Kantor Pertanahan Kabupaten Lebak;0
472;Kantor Pertanahan Kabupaten Tangerang, Provinsi Banten;-6.2746961;106.4824443;BPN Kabupaten Tangerang;0
473;Kantor Pertanahan Kota Tangerang, Provinsi Banten;-6.1948257;106.6310241;ATR/BPN Kantor Pertanahan Kota Tangerang;0
474;Kantor Pertanahan Kota Cilegon, Provinsi Banten;-6.0327753;106.0662682;Kantor Pertanahan Cilegon ATR/BPN;0
475;Kantor Pertanahan Kota Tangerang Selatan, Provinsi Banten;-6.3070023;106.6862269;Kantor Pertanahan Kota Tangerang Selatan;0
476;Kantor Pertanahan Kota Serang, Provinsi Banten;-6.1132545;106.1415355;Kantor Pertanahan Kabupaten Serang ATR/BPN;0
477;Kantor Wilayah Badan Pertanahan Nasional Provinsi Kepulauan Bangka Belitung;-2.1563944;106.1642905;Kantor Wilayah BPN Provinsi Kep. Bangka Belitung;0
478;Kantor Pertanahan Kota Pangkal Pinang, Provinsi Kepulauan Bangka Belitung;-2.1238498;106.1044524;Kantor Pertanahan Kota Pangkalpinang;0
479;Kantor Pertanahan Kabupaten Bangka, Provinsi Kepulauan Bangka Belitung;-1.8843154;106.1016155;Kantor Pertanahan Kabupaten Bangka;0
480;Kantor Pertanahan Kabupaten Belitung, Provinsi Kepulauan Bangka Belitung;-2.7363361;107.6427645;Kantor Pertanahan Kabupaten Belitung;0
481;Kantor Pertanahan Kabupaten Bangka Tengah, Provinsi Kepulauan Bangka Belitung;-2.5186469;106.4175372;Kantor Pertanahan Kabupaten Bangka Tengah;0
482;Kantor Pertanahan Kabupaten Bangka Selatan, Provinsi Kepulauan Bangka Belitung;-3.0248819;106.5067112;BPN Bangka Selatan;0
483;Kantor Pertanahan Kabupaten Bangka Barat, Provinsi Kepulauan Bangka Belitung;-2.056075;105.2027359;Kantor Pertanahan Kabupaten Bangka Barat;0
484;Kantor Pertanahan Kabupaten Belitung Timur, Provinsi Kepulauan Bangka Belitung;-2.8847348;108.2378519;Kantor Pertanahan Kabupaten Belitung Timur;0
485;Kantor Wilayah Badan Pertanahan Nasional Provinsi Gorontalo;0.5642759;123.0861916;Kantor Wilayah Badan Pertanahan Nasional Provinsi Gorontalo;0
486;Kantor Pertanahan Kota Gorontalo, Provinsi Gorontalo;0.525836;123.0595427;Kementrian Agraria Dan Tata Ruang / Badan Pertanahan Nasional Kantor Kota Gorontalo;0
487;Kantor Pertanahan Kabupaten Gorontalo, Provinsi Gorontalo;0.6301878;122.9811713;Kantor Pertanahan Kabupaten Gorontalo;0
488;Kantor Pertanahan Kabupaten Boalemo, Provinsi Gorontalo;0.5234748;122.3273253;Kantor Pertanahan Kabupaten Boalemo;0
489;Kantor Pertanahan Kabupaten Pohuwato, Provinsi Gorontalo;0.4678881;121.953329;Kantor Pertanahan Kabupaten Pohuwato;0
490;Kantor Pertanahan Kabupaten Bone Bolango, Provinsi Gorontalo;0.5559713;123.1292529;Kantor Pertanahan Kabupaten Bone Bolango;0
491;Kantor Pertanahan Kabupaten Gorontalo Utara, Provinsi Gorontalo;0.7947284;122.8635598;Kantor Pertanahan Kab. Gorontalo Utara;0
492;Kantor Wilayah Badan Pertanahan Nasional Provinsi Sulawesi Barat;-2.6635417;118.8527316;Kantor Wilayah Badan Pertanahan Nasional Provinsi Sulawesi Barat;0
493;Kantor Pertanahan Kabupaten Mamasa, Provinsi Sulawesi Barat;-2.9486792;119.3716797;BPN;0
494;Kantor Pertanahan Kabupaten Pasangkayu, Provinsi Sulawesi Barat;-1.1809895;119.3487091;Kantor Pertanahan Kab. Pasangkayu;0
495;Kantor Pertanahan Kabupaten Polewali Mandar, Provinsi Sulawesi Barat;-3.407118;119.3096836;BPN Kabupaten Polewali Mandar;0
496;Kantor Pertanahan Kabupaten Majene, Provinsi Sulawesi Barat;-3.5350284;118.9929741;Kantor Pertanahan Kabupaten Majene;0
497;Kantor Pertanahan Kabupaten Mamuju, Provinsi Sulawesi Barat;-2.6772086;118.8916166;KANTOR PERTANAHAN KAB MAMUJU;0
498;Kantor Pertanahan Kabupaten Mamuju Tengah, Provinsi Sulawesi Barat;-2.0638785;119.2871583;Kantor Pertanahan Kabupaten Mamuju Tengah;0
499;Kantor Wilayah Badan Pertanahan Nasional Provinsi Kepulauan Riau;0.9201497;104.4614145;Kantor Wilayah BPN Provinsi Kepulauan Riau;0
500;Kantor Pertanahan Kabupaten Bintan, Provinsi Kepulauan Riau;0.9971108;104.5132181;Kantor Pertanahan Kabupaten Bintan;0
501;Kantor Pertanahan Kota Batam, Provinsi Kepulauan Riau;1.1246282;104.058251;Dinas Pertanahan Kota Batam;0
502;Kantor Pertanahan Kabupaten Karimun, Provinsi Kepulauan Riau;1.0314189;103.3758837;Kantor pertanahan Kabupaten Karimun;0
503;Kantor Pertanahan Kabupaten Natuna, Provinsi Kepulauan Riau;3.9594699;108.3942904;Kantor Pertanahan Kabupaten Natuna;0
504;Kantor Pertanahan Kota Tanjungpinang, Provinsi Kepulauan Riau;0.9201497;104.4614145;Kantor Wilayah BPN Provinsi Kepulauan Riau;0
505;Kantor Pertanahan Kabupaten Lingga, Provinsi Kepulauan Riau;-0.2108087;104.6053198;Kantor Pertanahan Kabupaten Lingga;0
506;Kantor Pertanahan Kabupaten Kepulauan Anambas, Provinsi Kepulauan Riau;3.9594699;108.3942904;Kantor Pertanahan Kabupaten Natuna;0
507;Kantor Wilayah Badan Pertanahan Nasional Provinsi Papua Barat;-0.923182;134.0326292;Kanwil BPN Prov Papua Barat;0
508;Kantor Pertanahan Kabupaten Manokwari, Provinsi Papua Barat;-0.8628695;134.0620296;Kantor Pertanahan Kabupaten Manokwari;0
509;Kantor Pertanahan Kabupaten Sorong, Provinsi Papua Barat;-6.1819095;106.8110537;Kanwil BPN DKI Jakarta;0
510;Kantor Pertanahan Kota Sorong, Provinsi Papua Barat;-0.888853;131.2751485;Kantor Pertanahan Kota Sorong;0
511;Kantor Pertanahan Kabupaten Fakfak, Provinsi Papua Barat;-2.9272775;132.3026093;Kantor Pertanahan Kabupaten Fakfak;0
512;Kantor Pertanahan Kabupaten Sorong Selatan, Provinsi Papua Barat;-1.4460081;132.017809;Kantor BPN Sorong Selatan;0
513;Kantor Pertanahan Kabupaten Raja Ampat, Provinsi Papua Barat;-0.4274618;130.8094834;Kantor Pertanahan Kab. Raja Ampat;0
514;Kantor Pertanahan Kabupaten Kaimana, Provinsi Papua Barat;-3.6570818;133.7052944;Kantor Pertanahan Kabupaten Kaimana;0
515;Kantor Pertanahan Kabupaten Teluk Bintuni, Provinsi Papua Barat;-2.1054144;133.5221537;Kantor Pertanahan Kabupaten Teluk Bintuni;0
516;Kantor Pertanahan Kabupaten Tambraw, Provinsi Papua Barat;-0.473508;132.116999;Kantor Pertanahan Kabupaten Tambrauw;0
517;Kantor Pertanahan Kabupaten Teluk Wondama, Provinsi Papua Barat;-2.8247593;134.5302265;Kantor Pertanahan Kabupaten Teluk Wondama;0
